{
    "ETH":0.8737466519470009,
    "BNB":0.7906954485198855,
    "USDT":0.20269395972432783,
    "SOL1":0.8450544845649508,
    "ADA":0.906243884108377,
    "XRP":0.9614208601609046,
    "USDC":-0.03192578165357216,
    "DOT1":0.9499629513187251,
    "HEX":0.8765225958544458,
    "DOGE":0.9739453634362879,
    "AVAX":-0.6374348784634928,
    "SHIB":0.9045481923372276,
    "CRO":-0.7117030016408019,
    "LUNA1":0.9544885698358603,
    "LTC":0.9812210297747712,
    "UNI3":0.957842436859341,
    "MATIC":0.35066502805725613,
    "LINK":0.9651345094752718,
    "BCH":0.9155769222381637,
    "ALGO":0.7586301332060379,
    "MANA":-0.6937820824935327,
    "EGLD":-0.6108277329528299,
    "AXS":0.7938635548374258,
    "XLM":0.9507283217496418,
    "VET":0.9639420259716993,
    "ICP1":0.9648112771868325,
    "FIL":0.9480312810124848,
    "FTT1":0.9144532148123254,
    "TRX":0.852700630220998,
    "THETA":0.5387803643848049,
    "DAI1":0.19390302889663422,
    "SAND":-0.7699517753615936,
    "ETC":0.986300041383507,
    "HBAR":0.9571191824530766,
    "ATOM1":0.6028238886128536,
    "FTM":0.6805098406324057,
    "GRT2":0.9252335882117984,
    "HNT1":0.9079068279482388,
    "XMR":0.9352382231221608,
    "XTZ":0.9458857857150653,
    "MIOTA":-0.38502606352201374,
    "EOS":0.9810714553584692,
    "LRC":0.11902652359086283,
    "FLOW1":0.2340487287105769,
    "ZEC":-0.21761803331502064,
    "ENJ":-0.5780518494818893,
    "AAVE":0.962270825964193,
    "CAKE":0.945976583767373,
    "MKR":0.1105453393332758,
    "RUNE":0.7020791555703974,
    "ONE2":-0.03855951072870905,
    "BSV":0.9719130540879198,
    "KDA":0.8246633654155845,
    "KSM":0.9785853082606727,
    "NEO":0.9851046947785567,
    "CHZ":0.9179356696389873,
    "QNT":0.919707485098074,
    "AMP1":0.11121649825548449,
    "STX1":0.9010904949973515,
    "BAT":-0.16560745863046933,
    "CRV":-0.39167152178858217,
    "HOT1":0.3822998174349379,
    "BTT1":0.9629083028337183,
    "WAVES":0.8953082613540528,
    "DASH":0.8239308433842145,
    "AR":0.85404084575757,
    "CELO":0.7443199128387635,
    "TFUEL":0.7871478579345988,
    "COMP":0.9291827843651647,
    "IOTX":0.8240383651796235,
    "XEM":0.9303947755906229,
    "QTUM":0.8868368536098759,
    "DCR":0.8803517604214353,
    "WAXP":-0.5088912041201701,
    "ZEN":-0.3015220960000096,
    "TUSD":-0.018179782907752285,
    "CTC1":0.9586983728902111,
    "XDC":-0.08568072614589935,
    "ANKR":0.010567002996154333,
    "ICX":0.6693922453889664,
    "SC":-0.42817448190169544,
    "OMG":0.9335849716381138,
    "ROSE":-0.6957878479332096,
    "VGX":-0.8168929884150267,
    "STORJ":-0.6783689444843364,
    "YFI":0.7534475089678174,
    "RVN":0.8453919345465013,
    "HIVE":-0.5434420303634884,
    "ZIL":0.9674847973992007,
    "CEL":0.8582857902138625,
    "BTG":0.9946617755430466,
    "OMI":0.42888827656766815,
    "CCXX":0.6567180857827354,
    "ZRX":0.9138787958939251,
    "SUSHI":0.958119115781654,
    "BNT":0.9495828406867226,
    "DFI":0.9857818470536673,
    "VLX":-0.5825920822237908,
    "CKB":0.4255976513849017,
    "SNX":0.9650353935844231,
    "UMA":0.5628959679179479,
    "ONT":0.9442094831389307,
    "SKL":0.31958562798916207,
    "RAY":0.9609667985442025,
    "KAVA":0.909564643710076,
    "IOST":0.9202485878210783,
    "SRM":0.9789654711913311,
    "WIN1":0.13494734224973798,
    "XWC":0.8095533155136299,
    "1INCH":0.7766221565021241,
    "DGB":0.9657714846346044,
    "CELR":-0.024396089020751837,
    "NANO":0.8102430479660327,
    "GLM":-0.440701491085982,
    "GNO":0.8781479479569065,
    "C98":0.9705007364877117,
    "FET":0.5919381296348393,
    "NU":0.8234849193512677,
    "LSK":0.12172439547743917,
    "RSR":0.9571054881059087,
    "CTSI":0.8921763209383562,
    "SXP":0.5770660873442011,
    "ZEL":0.8346385401812235,
    "MED":-0.14050737477268102,
    "XVG":0.8804610693498189,
    "TWT":0.9157979691023084,
    "CVC":-0.46669379937095645,
    "VTHO":0.8286388706573663,
    "OXT":0.951214336463834,
    "NKN":0.949979300554023,
    "COTI":0.9811064434917109,
    "SNT":0.33524373000958807,
    "ARRR":0.2910315909038239,
    "SYS":-0.44940463433749206,
    "BCD":0.912888600960154,
    "ARDR":0.2568317908397751,
    "STMX":0.00995116055548766,
    "XCH":0.9548201099960596,
    "RLC":0.9432367578938244,
    "ACH":0.5344133007086764,
    "ZNN":0.8047262017070016,
    "EWT":0.7851486673784197,
    "STEEM":-0.43224379271515617,
    "VRA":0.7207428821952334,
    "TOMO":-0.6574361001478414,
    "ARK":-0.18003281543577374,
    "STRAX":0.7202278603840719,
    "ABBC":-0.6796834720971543,
    "MCO":0.35814581034881027,
    "SAPP":0.8893674859693881,
    "ETN":0.9389538595288766,
    "BAND":0.9812786296080436,
    "REP":0.7103693725176847,
    "ERG":0.9202587561772215,
    "NMR":0.9534291558787756,
    "MAID":0.7273165301738498,
    "DAG":0.926267317724526,
    "FUN":0.577432615115592,
    "DERO":0.8589413028745627,
    "MIR1":0.9120565454181219,
    "DIVI":-0.6716074359539013,
    "ANT":0.806244272734081,
    "MTL":0.8146699065832126,
    "MLN":0.9725905734989843,
    "META":-0.4812104625715124,
    "WAN":0.3836880174295581,
    "PHA":0.8214203249039503,
    "HNS":0.6424871650313927,
    "XHV":0.9361480139334489,
    "POA":0.8579203684072123,
    "RBTC":0.9964496468370595,
    "CLV":0.8012684426411758,
    "BTS":0.7673298562205935,
    "BAL":0.9254548773786174,
    "IRIS":-0.13269751629735801,
    "AVA":0.7587515399012854,
    "ATRI":0.3619150672186451,
    "KMD":0.11831396317756761,
    "KIN":0.9593200118595284,
    "TT":-0.3659300971715801,
    "AION":-0.19301764569040386,
    "MONA":0.7331567194396287,
    "DNT":0.724276819616443,
    "NYE":0.6763945155093122,
    "XAS":-0.843174873077542,
    "XNC":0.13670789679713966,
    "FIRO":0.7951659161306055,
    "ADX":0.7311675807608893,
    "CUDOS":0.7499408339929178,
    "MWC":-0.6962946710617044,
    "GAS":0.8141534659008846,
    "ELA":0.9630876719051665,
    "NRG":-0.3146886840139632,
    "DMCH":-0.04736240641653175,
    "BTM":0.44541179821911653,
    "REV":0.6471293858785929,
    "WTC":0.3915069127483287,
    "PAC":0.6472206709648176,
    "GRS":0.35688554176787624,
    "FIO":0.18053528791412804,
    "WOZX":0.3727373944841844,
    "RDD":0.5391961539004974,
    "SBD":0.6418397543271294,
    "BCN":0.9375100911093825,
    "DGD":0.8506595723922324,
    "FRONT":0.5331546309601397,
    "APL":0.9419392889465426,
    "BEAM":0.6996413444017782,
    "CET":0.8076967510347904,
    "MARO":-0.387683420650561,
    "AE":0.14524482639248756,
    "BEPRO":0.9346251730268091,
    "CRU":0.8640577180964022,
    "VITE":0.801865063768558,
    "PIVX":0.3710272422626035,
    "NULS":0.6191696276210442,
    "VSYS":0.06570430031602446,
    "NIM":0.95569172052073,
    "VERI":0.6386906272450864,
    "FSN":-0.2279769514615029,
    "AXEL":0.7597333103744432,
    "SOLVE":0.7764386861928995,
    "GXC":0.8530002183410492,
    "XCP":0.7238631088299192,
    "NXS":0.6701740003994349,
    "GAME":0.36348241840986945,
    "SERO":-0.11898561723012846,
    "GO":0.7842865709920932,
    "CTXC":-0.10040561165424826,
    "PPT":0.5402112902062597,
    "CUT":0.5091010863187325,
    "PCX":0.9459685303901586,
    "LOKI":0.9020646116295282,
    "WICC":-0.5524203514630063,
    "KRT":-0.45799737469425666,
    "PPC":0.5774690662103851,
    "VTC":0.9297581605009555,
    "GRIN":0.7815619473450033,
    "ZANO":0.9953534872908476,
    "MHC":0.8190781571784237,
    "OBSR":-0.05218440973846711,
    "GBYTE":0.834721422543308,
    "SRK":0.9301915637445979,
    "NVT":-0.3274396801993522,
    "NAV":0.687055390118793,
    "VAL1":0.9516952000526001,
    "NMC":0.9429813368622475,
    "ADK":-0.5435396927704457,
    "WABI":-0.14627566573456852,
    "QASH":0.0737953328192264,
    "QRL":-0.41461909310341555,